<?xml version="1.0" encoding="UTF-8"?>
<project-private xmlns="http://www.netbeans.org/ns/project-private/1">
    <editor-bookmarks xmlns="http://www.netbeans.org/ns/editor-bookmarks/2" lastBookmarkId="0"/>
    <open-files xmlns="http://www.netbeans.org/ns/projectui-open-files/2">
        <group>
            <file>file:/C:/Users/eema/Music/Pharmacy%20Management%20System/Pharmacy%20(Netbeans)/Pharmacy2%20(Customer%20&amp;%20Supplier)/src/MemberPrice.java</file>
            <file>file:/C:/Users/eema/Music/Pharmacy%20Management%20System/Pharmacy%20(Netbeans)/Pharmacy2%20(Customer%20&amp;%20Supplier)/src/NonMemberPrice.java</file>
            <file>file:/C:/Users/eema/Music/Pharmacy%20Management%20System/Pharmacy%20(Netbeans)/Pharmacy2%20(Customer%20&amp;%20Supplier)/src/Customer.java</file>
            <file>file:/C:/Users/eema/Music/Pharmacy%20Management%20System/Pharmacy%20(Netbeans)/Pharmacy2%20(Customer%20&amp;%20Supplier)/src/Login.java</file>
            <file>file:/C:/Users/eema/Music/Pharmacy%20Management%20System/Pharmacy%20(Netbeans)/Pharmacy2%20(Customer%20&amp;%20Supplier)/src/Menu.java</file>
            <file>file:/C:/Users/eema/Music/Pharmacy%20Management%20System/Pharmacy%20(Netbeans)/Pharmacy2%20(Customer%20&amp;%20Supplier)/src/Supplier.java</file>
            <file>file:/C:/Users/eema/Music/Pharmacy%20Management%20System/Pharmacy%20(Netbeans)/Pharmacy2%20(Customer%20&amp;%20Supplier)/src/Medicine.java</file>
        </group>
    </open-files>
</project-private>
